Datetime,Water Level (m)
2025-07-03 06:00:00,-0.24040858
2025-07-03 07:00:00,0.04765624
2025-07-03 08:00:00,0.4931597
2025-07-03 09:00:00,0.9662389
2025-07-03 10:00:00,1.3057315
2025-07-03 11:00:00,1.4574441
2025-07-03 12:00:00,1.3601
2025-07-03 13:00:00,1.0887021
2025-07-03 14:00:00,0.65953785
2025-07-03 15:00:00,0.17195076
2025-07-03 16:00:00,-0.31367156
2025-07-03 17:00:00,-0.6288368
2025-07-03 18:00:00,-0.6490016
2025-07-03 19:00:00,-0.40633732
2025-07-03 20:00:00,0.011768024
2025-07-03 21:00:00,0.51155144
2025-07-03 22:00:00,1.0095003
2025-07-03 23:00:00,1.3763493
2025-07-04 00:00:00,1.5016898
2025-07-04 01:00:00,1.3936269
2025-07-04 02:00:00,1.1449143
2025-07-04 03:00:00,0.76422
2025-07-04 04:00:00,0.36692038
2025-07-04 05:00:00,-3.7470425e-05
2025-07-04 06:00:00,-0.18144333
2025-07-04 07:00:00,-0.13694307
2025-07-04 08:00:00,0.064830296
2025-07-04 09:00:00,0.40112028
2025-07-04 10:00:00,0.778554
2025-07-04 11:00:00,1.1121767
2025-07-04 12:00:00,1.2594033
2025-07-04 13:00:00,1.1637566
2025-07-04 14:00:00,0.9366647
2025-07-04 15:00:00,0.59118485
2025-07-04 16:00:00,0.17191325
2025-07-04 17:00:00,-0.27853367
2025-07-04 18:00:00,-0.58899796
2025-07-04 19:00:00,-0.628821
2025-07-04 20:00:00,-0.35409296
2025-07-04 21:00:00,0.0469706
2025-07-04 22:00:00,0.53520393
2025-07-04 23:00:00,1.0272837
2025-07-05 00:00:00,1.4147829
2025-07-05 01:00:00,1.555135
2025-07-05 02:00:00,1.4939916
2025-07-05 03:00:00,1.2855257
2025-07-05 04:00:00,0.89045715
2025-07-05 05:00:00,0.41295734
2025-07-05 06:00:00,-0.047634088
2025-07-05 07:00:00,-0.33211228
2025-07-05 08:00:00,-0.34102124
2025-07-05 09:00:00,-0.13427716
2025-07-05 10:00:00,0.17682265
2025-07-05 11:00:00,0.5598695
2025-07-05 12:00:00,0.8938289
2025-07-05 13:00:00,1.097062
2025-07-05 14:00:00,1.0816275
2025-07-05 15:00:00,0.9049149
2025-07-05 16:00:00,0.60843164
2025-07-05 17:00:00,0.18705955
2025-07-05 18:00:00,-0.26884866
2025-07-05 19:00:00,-0.6168524
2025-07-05 20:00:00,-0.67294145
2025-07-05 21:00:00,-0.41225946
2025-07-05 22:00:00,-0.0062865918
2025-07-05 23:00:00,0.507471
2025-07-06 00:00:00,1.0357894
2025-07-06 01:00:00,1.4247942
2025-07-06 02:00:00,1.5560098
2025-07-06 03:00:00,1.4778954
2025-07-06 04:00:00,1.2861807
2025-07-06 05:00:00,0.93939835
2025-07-06 06:00:00,0.49350008
2025-07-06 07:00:00,0.019807665
2025-07-06 08:00:00,-0.31542602
2025-07-06 09:00:00,-0.39121234
2025-07-06 10:00:00,-0.2145975
2025-07-06 11:00:00,0.108634986
2025-07-06 12:00:00,0.5244355
2025-07-06 13:00:00,0.8864332
2025-07-06 14:00:00,1.1142179
2025-07-06 15:00:00,1.1285146
2025-07-06 16:00:00,0.9438745
2025-07-06 17:00:00,0.6284254
2025-07-06 18:00:00,0.19095908
2025-07-06 19:00:00,-0.2622075
2025-07-06 20:00:00,-0.6085026
2025-07-06 21:00:00,-0.640761
2025-07-06 22:00:00,-0.36656362
2025-07-06 23:00:00,0.056997877
2025-07-07 00:00:00,0.60906893
2025-07-07 01:00:00,1.1512278
2025-07-07 02:00:00,1.5617801
2025-07-07 03:00:00,1.685773
2025-07-07 04:00:00,1.6179171
2025-07-07 05:00:00,1.3790735
2025-07-07 06:00:00,0.94501495
2025-07-07 07:00:00,0.40000206
2025-07-07 08:00:00,-0.13856734
2025-07-07 09:00:00,-0.5184391
2025-07-07 10:00:00,-0.6003146
2025-07-07 11:00:00,-0.38377059
2025-07-07 12:00:00,0.006304257
2025-07-07 13:00:00,0.48756596
2025-07-07 14:00:00,0.90329224
2025-07-07 15:00:00,1.1505904
2025-07-07 16:00:00,1.1711109
2025-07-07 17:00:00,0.9599897
2025-07-07 18:00:00,0.6184928
2025-07-07 19:00:00,0.13734345
2025-07-07 20:00:00,-0.36281615
2025-07-07 21:00:00,-0.74978346
2025-07-07 22:00:00,-0.80131674
2025-07-07 23:00:00,-0.44403455
2025-07-08 00:00:00,0.08263227
2025-07-08 01:00:00,0.70900065
2025-07-08 02:00:00,1.2889081
2025-07-08 03:00:00,1.7109555
2025-07-08 04:00:00,1.8313612
2025-07-08 05:00:00,1.6825581
2025-07-08 06:00:00,1.3339832
2025-07-08 07:00:00,0.7893746
2025-07-08 08:00:00,0.1730024
2025-07-08 09:00:00,-0.40931296
2025-07-08 10:00:00,-0.78921115
2025-07-08 11:00:00,-0.809452
2025-07-08 12:00:00,-0.48248237
2025-07-08 13:00:00,0.021862954
2025-07-08 14:00:00,0.5970011
2025-07-08 15:00:00,1.043613
2025-07-08 16:00:00,1.3000301
2025-07-08 17:00:00,1.2566181
2025-07-08 18:00:00,0.9576767
2025-07-08 19:00:00,0.508408
2025-07-08 20:00:00,-0.05424919
2025-07-08 21:00:00,-0.5996093
2025-07-08 22:00:00,-0.9796993
2025-07-08 23:00:00,-0.9410661
2025-07-09 00:00:00,-0.4438574
2025-07-09 01:00:00,0.19777675
2025-07-09 02:00:00,0.9148817
2025-07-09 03:00:00,1.5403723
2025-07-09 04:00:00,1.9631232
2025-07-09 05:00:00,1.9999493
2025-07-09 06:00:00,1.7533083
